{
  "ner_biollm": 0.353814,
  "ner_biollm_finetuned": 0.075056
}
