system,grounded_spans,missing_spans,missing_rate
s1,170,82,0.482353
s2,170,37,0.217647
s3,170,33,0.194118
s4,170,33,0.194118
s5,170,77,0.452941
s5_mistral,170,31,0.182353
