label,display,bleu,chrf,bleu_doc_macro,bleu_doc_concat,chrf_doc_macro,comet,htm,htm_hyp_ref_agreement,htm_en_ref_dataset,ccr_dataset,mean_s,p95_s
s1,S1 NLLB,22.892402747302658,37.136336161771666,22.892402747302658,53.28413155227203,37.136336161771666,,0.5497630331753555,0.4293193717277487,0.17823639774859287,0.36379310344827587,0.6909349206349207,1.4855
s2,S2 Mistral (doc),22.507446222653485,39.95310668637361,22.507446222653485,51.67281137709083,39.95310668637361,,0.7345971563981043,0.47643979057591623,0.17823639774859287,0.36379310344827587,7.912740476190476,11.6337
s3,S3 GraphRAG,19.580736851955407,35.334694385311174,19.580736851955407,44.686216826099454,35.334694385311174,,0.6635071090047393,0.4397905759162304,0.17823639774859287,0.36379310344827587,3.412206349206349,15.351
s4,S4 rerank,19.65872834749287,35.36017403710983,19.65872834749287,45.06084701512781,35.36017403710983,,0.6635071090047393,0.450261780104712,0.17823639774859287,0.36379310344827587,10.813212698412698,39.6271
s5,S5 NLLB + boost,21.36975248941853,36.06154001378616,21.36975248941853,50.59646615387904,36.06154001378616,,0.5781990521327014,0.4031413612565445,0.17823639774859287,0.36379310344827587,0.8184817460317461,2.2657
s5_mistral,S5 Mistral + boost,20.611950382055994,35.78172722120811,20.611950382055994,46.86138267234898,35.78172722120811,,0.6729857819905213,0.450261780104712,0.17823639774859287,0.36379310344827587,3.4026666666666667,15.6923
s6,S6 NLLB + glossary,20.091195744679453,34.80911171508188,20.091195744679453,47.935390455804416,34.80911171508188,,0.5355450236966824,0.4083769633507853,0.17823639774859287,0.36379310344827587,0.7909968253968254,2.0754
