label,display,bleu,chrf,bleu_doc_macro,bleu_doc_concat,chrf_doc_macro,comet,htm,htm_hyp_ref_agreement,htm_en_ref_dataset,ccr_dataset,mean_s,p95_s
s1,S1 NLLB,18.89309393278912,31.89726984036258,18.89309393278912,43.82344840421337,31.89726984036258,,0.1951219512195122,0.43455497382198954,0.1801125703564728,0.36379310344827587,0.7660850393700788,3.8126
s2,S2 Mistral (doc),20.373991954102053,35.84933950528934,20.373991954102053,46.25683642562379,35.84933950528934,,0.27392120075046905,0.4973821989528796,0.1801125703564728,0.36379310344827587,8.043731496062993,17.9094
s3,S3 GraphRAG,17.4850937328357,32.01113498409878,17.4850937328357,39.59607947622525,32.01113498409878,,0.24577861163227016,0.450261780104712,0.1801125703564728,0.36379310344827587,3.5455244094488187,16.0126
s4,S4 rerank,17.522694647606436,32.03724537802247,17.522694647606436,39.805256742448535,32.03724537802247,,0.24577861163227016,0.4607329842931937,0.1801125703564728,0.36379310344827587,11.211746456692913,42.3225
s5,S5 NLLB + boost,17.542846791237313,31.01990512635287,17.542846791237313,41.34678974006422,31.01990512635287,,0.2045028142589118,0.4083769633507853,0.1801125703564728,0.36379310344827587,0.8931834645669291,3.9327
s5_mistral,S5 Mistral + boost,17.504629059758578,32.349922789397425,17.504629059758578,39.487073875233456,32.349922789397425,,0.24765478424015008,0.45549738219895286,0.1801125703564728,0.36379310344827587,3.5364031496062993,16.0477
