label,display,bleu,chrf,comet,htm,ccr_dataset,mean_s,p95_s
s1,S1 NLLB,22.892402747302658,37.136336161771666,,0.3695652173913043,0.32413793103448274,0.670902380952381,1.4881
s2,S2 Mistral (doc),22.905707202995586,39.563385128623096,,0.34782608695652173,0.32413793103448274,6.955733333333333,9.9573
s3,S3 GraphRAG,14.28758380846156,37.902529250856716,,0.43478260869565216,0.32413793103448274,3.453303968253968,13.0838
s4,S4 rerank,13.721429758755736,37.454073645751265,,0.43478260869565216,0.32413793103448274,11.080473015873016,36.5112
s5,S5 NLLB + boost,22.034968932215364,36.553533133174085,,0.3695652173913043,0.32413793103448274,0.7489222222222223,1.9985
s5_mistral,S5 Mistral + boost,14.814687753866886,38.18957937537023,,0.43478260869565216,0.32413793103448274,3.4137492063492063,14.1477
