label,display,bleu,chrf,bleu_doc_macro,bleu_doc_concat,chrf_doc_macro,comet,htm,htm_hyp_ref_agreement,htm_en_ref_dataset,ccr_dataset,mean_s,p95_s
s1,S1 NLLB,18.89309393278912,31.89726984036258,18.89309393278912,43.82344840421337,31.89726984036258,,0.1141552511415525,0.6807228915662651,0.13013698630136986,0.3538135593220339,0.7775850393700787,3.8122
s2,S2 Mistral (doc),19.83811398952522,35.582130696264294,19.83811398952522,45.54979878040303,35.582130696264294,,0.1963470319634703,0.6566265060240963,0.13013698630136986,0.3538135593220339,8.59778031496063,23.969
s3,S3 GraphRAG,10.78761831654691,32.64620029989807,10.78761831654691,26.061062442659622,32.64620029989807,,0.2534246575342466,0.5903614457831325,0.13013698630136986,0.3538135593220339,5.290782677165354,16.7147
s4,S4 rerank,10.867297629657983,32.845036529889036,10.867297629657983,26.236768311663536,32.845036529889036,,0.2374429223744292,0.5963855421686747,0.13013698630136986,0.3538135593220339,15.637815748031496,47.1733
s5,S5 NLLB + boost,17.3409491435292,30.55252795152618,17.3409491435292,41.510474752435954,30.55252795152618,,0.13470319634703196,0.6626506024096386,0.13013698630136986,0.3538135593220339,0.9052976377952756,4.1651
s5_mistral,S5 Mistral + boost,10.82406995055447,32.63729635624893,10.82406995055447,26.085496331005192,32.63729635624893,,0.2671232876712329,0.5783132530120482,0.13013698630136986,0.3538135593220339,5.396317322834646,16.5674
