label,display,bleu,chrf,bleu_doc_macro,bleu_doc_concat,chrf_doc_macro,comet,htm,htm_hyp_ref_agreement,htm_en_ref_dataset,ccr_dataset,mean_s,p95_s
s1,S1 NLLB,22.892402747302658,37.136336161771666,22.892402747302658,53.28413155227203,37.136336161771666,,0.32065217391304346,0.6721311475409836,0.1506849315068493,0.3898305084745763,0.7484555555555555,3.7428
s2,S2 Mistral (doc),16.632189175557063,34.8536631526548,16.632189175557063,40.19329071587756,34.8536631526548,,0.29891304347826086,0.6994535519125683,0.1506849315068493,0.3898305084745763,10.742631746031746,21.1265
s3,S3 GraphRAG,10.386546165684678,34.364375376701005,10.386546165684678,24.19304618894276,34.364375376701005,,0.3967391304347826,0.6010928961748634,0.1506849315068493,0.3898305084745763,4.964434920634921,14.5315
s4,S4 rerank,9.931951621321671,34.23840493012511,9.931951621321671,23.017166576308508,34.23840493012511,,0.42934782608695654,0.5792349726775956,0.1506849315068493,0.3898305084745763,16.56888015873016,44.6829
s5,S5 NLLB + boost,21.589740413747883,35.906436222836575,21.589740413747883,51.787220866675774,35.906436222836575,,0.3532608695652174,0.6612021857923497,0.1506849315068493,0.3898305084745763,1.264834126984127,3.6676
s5_mistral,S5 Mistral + boost,10.317860846123999,34.3150134094925,10.317860846123999,24.179114027962306,34.3150134094925,,0.3804347826086957,0.6065573770491803,0.1506849315068493,0.3898305084745763,12.448429365079365,38.8428
s6,S6 NLLB + glossary,19.999998958766213,35.1086041796077,19.999998958766213,46.056094946067695,35.1086041796077,,0.32065217391304346,0.6939890710382514,0.1506849315068493,0.3898305084745763,0.7811492063492064,2.1567
