label,display,bleu,chrf,comet,htm,ccr_dataset,mean_s,p95_s
s1,S1 NLLB,22.892402747302658,37.136336161771666,,0.3695652173913043,0.3538135593220339,2.129528571428571,6.3969
s2,S2 Mistral (doc),18.80564136916962,39.72878649363012,,0.45652173913043476,0.3538135593220339,17.477770634920635,47.4564
s3,S3 GraphRAG,10.775703194760924,35.47779318936777,,0.43478260869565216,0.3538135593220339,23.48435396825397,77.1386
s4,S4 rerank,10.425827551320054,35.06826161845103,,0.43478260869565216,0.3538135593220339,51.20028968253968,169.4689
s5,S5 NLLB + boost,21.144247114295943,35.49085682066914,,0.3695652173913043,0.3538135593220339,0.7182801587301587,2.013
s5_mistral,S5 Mistral + boost,10.812096388021349,35.46183631644607,,0.43478260869565216,0.3538135593220339,4.618487301587302,14.2703
