system,grounded_spans,missing_spans,missing_rate
s1,166,116,0.698795
s2,166,80,0.481928
s3,166,55,0.331325
s4,166,62,0.373494
s5,166,107,0.644578
s5_mistral,166,49,0.295181
